publish_date,slot,angle,hook,source_title,url,topics,score,summary,free_angle
2026-07-04,morning,What changed in the model and why it matters now,Free AI update: Training mRNA Language Models Across 25 Species for $165,Training mRNA Language Models Across 25 Species for $165,https://huggingface.co/blog/OpenMed/training-mrna-models-25-species,"Models, Free",6,,"Source: Hugging Face - Blog and topics: models, free."
2026-07-04,midday,"How to use the free path, open-source option, or free tier",Free AI update: The Open Source Community is backing OpenEnv for Agentic RL,The Open Source Community is backing OpenEnv for Agentic RL,https://huggingface.co/blog/openenv-agentic-rl,Free,6,,Source: Hugging Face - Blog and topics: free.
2026-07-04,night,"How to use the free path, open-source option, or free tier",Free AI update: State of Open Source on Hugging Face: Spring 2026,State of Open Source on Hugging Face: Spring 2026,https://huggingface.co/blog/huggingface/state-of-os-hf-spring-2026,Free,6,,Source: Hugging Face - Blog and topics: free.
2026-07-04,bonus,"How to use the free path, open-source option, or free tier",Free AI update: Keep the Tokens Flowing: Lessons from 16 Open-Source RL Libraries,Keep the Tokens Flowing: Lessons from 16 Open-Source RL Libraries,https://huggingface.co/blog/async-rl-training-landscape,Free,6,,Source: Hugging Face - Blog and topics: free.
2026-07-05,morning,What changed in the model and why it matters now,AI update: Is it agentic enough? Benchmarking open models on your own tooling,Is it agentic enough? Benchmarking open models on your own tooling,https://huggingface.co/blog/is-it-agentic-enough,Models,5,,Source: Hugging Face - Blog and topics: models.
2026-07-05,midday,What this unlocks for agent workflows and automations,AI update: From the Hugging Face Hub to robot hardware with Strands Agents and LeRobot,From the Hugging Face Hub to robot hardware with Strands Agents and LeRobot,https://huggingface.co/blog/amazon/strands-lerobot-hub-to-hardware,Agents,5,,Source: Hugging Face - Blog and topics: agents.
2026-07-05,night,What this unlocks for agent workflows and automations,AI update: Agentic Resource Discovery: Let agents search,Agentic Resource Discovery: Let agents search,https://huggingface.co/blog/agentic-resource-discovery-launch,Agents,5,,Source: Hugging Face - Blog and topics: agents.
2026-07-05,bonus,Why builders and devs should care about the release,AI update: Migrating Your GitHub CI to Hugging Face Jobs,Migrating Your GitHub CI to Hugging Face Jobs,https://huggingface.co/blog/github-ci-hf-jobs,Builders,5,,Source: Hugging Face - Blog and topics: builders.
2026-07-06,morning,What changed in the model and why it matters now,AI update: Nemotron 3.5 Content Safety: Customizable Multimodal Safety for Global Enterprise AI,Nemotron 3.5 Content Safety: Customizable Multimodal Safety for Global Enterprise AI,https://huggingface.co/blog/nvidia/nemotron-3-5-content-safety,"Models, Policy",5,,"Source: Hugging Face - Blog and topics: models, policy."
2026-07-06,midday,What this unlocks for agent workflows and automations,AI update: Adding MCP Tools to Reachy Mini,Adding MCP Tools to Reachy Mini,https://huggingface.co/blog/adding-mcp-tools-to-reachy-mini,Agents,5,,Source: Hugging Face - Blog and topics: agents.
2026-07-06,night,What this unlocks for agent workflows and automations,AI update: Holo3.1: Fast & Local Computer Use Agents,Holo3.1: Fast & Local Computer Use Agents,https://huggingface.co/blog/Hcompany/holo31,Agents,5,,Source: Hugging Face - Blog and topics: agents.
2026-07-06,bonus,What changed in the model and why it matters now,AI update: OlmoEarth v1.1: A more efficient family of Earth observation models,OlmoEarth v1.1: A more efficient family of Earth observation models,https://huggingface.co/blog/allenai/olmoearth-v1-1,Models,5,,Source: Hugging Face - Blog and topics: models.
2026-07-07,morning,What changed in the model and why it matters now,"AI update: Introducing NVIDIA Nemotron 3 Nano Omni: Long-Context Multimodal Intelligence for Documents, Audio and Video Agents","Introducing NVIDIA Nemotron 3 Nano Omni: Long-Context Multimodal Intelligence for Documents, Audio and Video Agents",https://huggingface.co/blog/nvidia/nemotron-3-nano-omni-multimodal-intelligence,"Models, Agents",5,,"Source: Hugging Face - Blog and topics: models, agents."
2026-07-07,midday,What this unlocks for agent workflows and automations,AI update: DeepSeek-V4: a million-token context that agents can actually use,DeepSeek-V4: a million-token context that agents can actually use,https://huggingface.co/blog/deepseekv4,Agents,5,,Source: Hugging Face - Blog and topics: agents.
2026-07-07,night,What this unlocks for agent workflows and automations,AI update: Ecom-RLVE: Adaptive Verifiable Environments for E-Commerce Conversational Agents,Ecom-RLVE: Adaptive Verifiable Environments for E-Commerce Conversational Agents,https://huggingface.co/blog/ecom-rlve,Agents,5,,Source: Hugging Face - Blog and topics: agents.
2026-07-07,bonus,What changed in the model and why it matters now,AI update: Training and Finetuning Multimodal Embedding & Reranker Models with Sentence Transformers,Training and Finetuning Multimodal Embedding & Reranker Models with Sentence Transformers,https://huggingface.co/blog/train-multimodal-sentence-transformers,Models,5,,Source: Hugging Face - Blog and topics: models.
2026-07-08,morning,What this unlocks for agent workflows and automations,"AI update: Inside VAKRA: Reasoning, Tool Use, and Failure Modes of Agents","Inside VAKRA: Reasoning, Tool Use, and Failure Modes of Agents",https://huggingface.co/blog/ibm-research/vakra-benchmark-analysis,Agents,5,,Source: Hugging Face - Blog and topics: agents.
2026-07-08,midday,What changed in the model and why it matters now,AI update: Multimodal Embedding & Reranker Models with Sentence Transformers,Multimodal Embedding & Reranker Models with Sentence Transformers,https://huggingface.co/blog/multimodal-sentence-transformers,Models,5,,Source: Hugging Face - Blog and topics: models.
2026-07-08,night,What changed in the model and why it matters now,Free AI update: Training mRNA Language Models Across 25 Species for $165,Training mRNA Language Models Across 25 Species for $165,https://huggingface.co/blog/OpenMed/training-mrna-models-25-species,"Models, Free",6,,"Source: Hugging Face - Blog and topics: models, free."
2026-07-08,bonus,"How to use the free path, open-source option, or free tier",Free AI update: The Open Source Community is backing OpenEnv for Agentic RL,The Open Source Community is backing OpenEnv for Agentic RL,https://huggingface.co/blog/openenv-agentic-rl,Free,6,,Source: Hugging Face - Blog and topics: free.
2026-07-09,morning,"How to use the free path, open-source option, or free tier",Free AI update: State of Open Source on Hugging Face: Spring 2026,State of Open Source on Hugging Face: Spring 2026,https://huggingface.co/blog/huggingface/state-of-os-hf-spring-2026,Free,6,,Source: Hugging Face - Blog and topics: free.
2026-07-09,midday,"How to use the free path, open-source option, or free tier",Free AI update: Keep the Tokens Flowing: Lessons from 16 Open-Source RL Libraries,Keep the Tokens Flowing: Lessons from 16 Open-Source RL Libraries,https://huggingface.co/blog/async-rl-training-landscape,Free,6,,Source: Hugging Face - Blog and topics: free.
2026-07-09,night,What changed in the model and why it matters now,AI update: Is it agentic enough? Benchmarking open models on your own tooling,Is it agentic enough? Benchmarking open models on your own tooling,https://huggingface.co/blog/is-it-agentic-enough,Models,5,,Source: Hugging Face - Blog and topics: models.
2026-07-09,bonus,What this unlocks for agent workflows and automations,AI update: From the Hugging Face Hub to robot hardware with Strands Agents and LeRobot,From the Hugging Face Hub to robot hardware with Strands Agents and LeRobot,https://huggingface.co/blog/amazon/strands-lerobot-hub-to-hardware,Agents,5,,Source: Hugging Face - Blog and topics: agents.
2026-07-10,morning,What this unlocks for agent workflows and automations,AI update: Agentic Resource Discovery: Let agents search,Agentic Resource Discovery: Let agents search,https://huggingface.co/blog/agentic-resource-discovery-launch,Agents,5,,Source: Hugging Face - Blog and topics: agents.
2026-07-10,midday,Why builders and devs should care about the release,AI update: Migrating Your GitHub CI to Hugging Face Jobs,Migrating Your GitHub CI to Hugging Face Jobs,https://huggingface.co/blog/github-ci-hf-jobs,Builders,5,,Source: Hugging Face - Blog and topics: builders.
2026-07-10,night,What changed in the model and why it matters now,AI update: Nemotron 3.5 Content Safety: Customizable Multimodal Safety for Global Enterprise AI,Nemotron 3.5 Content Safety: Customizable Multimodal Safety for Global Enterprise AI,https://huggingface.co/blog/nvidia/nemotron-3-5-content-safety,"Models, Policy",5,,"Source: Hugging Face - Blog and topics: models, policy."
2026-07-10,bonus,What this unlocks for agent workflows and automations,AI update: Adding MCP Tools to Reachy Mini,Adding MCP Tools to Reachy Mini,https://huggingface.co/blog/adding-mcp-tools-to-reachy-mini,Agents,5,,Source: Hugging Face - Blog and topics: agents.
2026-07-11,morning,What this unlocks for agent workflows and automations,AI update: Holo3.1: Fast & Local Computer Use Agents,Holo3.1: Fast & Local Computer Use Agents,https://huggingface.co/blog/Hcompany/holo31,Agents,5,,Source: Hugging Face - Blog and topics: agents.
2026-07-11,midday,What changed in the model and why it matters now,AI update: OlmoEarth v1.1: A more efficient family of Earth observation models,OlmoEarth v1.1: A more efficient family of Earth observation models,https://huggingface.co/blog/allenai/olmoearth-v1-1,Models,5,,Source: Hugging Face - Blog and topics: models.
2026-07-11,night,What changed in the model and why it matters now,"AI update: Introducing NVIDIA Nemotron 3 Nano Omni: Long-Context Multimodal Intelligence for Documents, Audio and Video Agents","Introducing NVIDIA Nemotron 3 Nano Omni: Long-Context Multimodal Intelligence for Documents, Audio and Video Agents",https://huggingface.co/blog/nvidia/nemotron-3-nano-omni-multimodal-intelligence,"Models, Agents",5,,"Source: Hugging Face - Blog and topics: models, agents."
2026-07-11,bonus,What this unlocks for agent workflows and automations,AI update: DeepSeek-V4: a million-token context that agents can actually use,DeepSeek-V4: a million-token context that agents can actually use,https://huggingface.co/blog/deepseekv4,Agents,5,,Source: Hugging Face - Blog and topics: agents.
2026-07-12,morning,What this unlocks for agent workflows and automations,AI update: Ecom-RLVE: Adaptive Verifiable Environments for E-Commerce Conversational Agents,Ecom-RLVE: Adaptive Verifiable Environments for E-Commerce Conversational Agents,https://huggingface.co/blog/ecom-rlve,Agents,5,,Source: Hugging Face - Blog and topics: agents.
2026-07-12,midday,What changed in the model and why it matters now,AI update: Training and Finetuning Multimodal Embedding & Reranker Models with Sentence Transformers,Training and Finetuning Multimodal Embedding & Reranker Models with Sentence Transformers,https://huggingface.co/blog/train-multimodal-sentence-transformers,Models,5,,Source: Hugging Face - Blog and topics: models.
2026-07-12,night,What this unlocks for agent workflows and automations,"AI update: Inside VAKRA: Reasoning, Tool Use, and Failure Modes of Agents","Inside VAKRA: Reasoning, Tool Use, and Failure Modes of Agents",https://huggingface.co/blog/ibm-research/vakra-benchmark-analysis,Agents,5,,Source: Hugging Face - Blog and topics: agents.
2026-07-12,bonus,What changed in the model and why it matters now,AI update: Multimodal Embedding & Reranker Models with Sentence Transformers,Multimodal Embedding & Reranker Models with Sentence Transformers,https://huggingface.co/blog/multimodal-sentence-transformers,Models,5,,Source: Hugging Face - Blog and topics: models.
2026-07-13,morning,What changed in the model and why it matters now,Free AI update: Training mRNA Language Models Across 25 Species for $165,Training mRNA Language Models Across 25 Species for $165,https://huggingface.co/blog/OpenMed/training-mrna-models-25-species,"Models, Free",6,,"Source: Hugging Face - Blog and topics: models, free."
2026-07-13,midday,"How to use the free path, open-source option, or free tier",Free AI update: The Open Source Community is backing OpenEnv for Agentic RL,The Open Source Community is backing OpenEnv for Agentic RL,https://huggingface.co/blog/openenv-agentic-rl,Free,6,,Source: Hugging Face - Blog and topics: free.
2026-07-13,night,"How to use the free path, open-source option, or free tier",Free AI update: State of Open Source on Hugging Face: Spring 2026,State of Open Source on Hugging Face: Spring 2026,https://huggingface.co/blog/huggingface/state-of-os-hf-spring-2026,Free,6,,Source: Hugging Face - Blog and topics: free.
2026-07-13,bonus,"How to use the free path, open-source option, or free tier",Free AI update: Keep the Tokens Flowing: Lessons from 16 Open-Source RL Libraries,Keep the Tokens Flowing: Lessons from 16 Open-Source RL Libraries,https://huggingface.co/blog/async-rl-training-landscape,Free,6,,Source: Hugging Face - Blog and topics: free.
2026-07-14,morning,What changed in the model and why it matters now,AI update: Is it agentic enough? Benchmarking open models on your own tooling,Is it agentic enough? Benchmarking open models on your own tooling,https://huggingface.co/blog/is-it-agentic-enough,Models,5,,Source: Hugging Face - Blog and topics: models.
2026-07-14,midday,What this unlocks for agent workflows and automations,AI update: From the Hugging Face Hub to robot hardware with Strands Agents and LeRobot,From the Hugging Face Hub to robot hardware with Strands Agents and LeRobot,https://huggingface.co/blog/amazon/strands-lerobot-hub-to-hardware,Agents,5,,Source: Hugging Face - Blog and topics: agents.
2026-07-14,night,What this unlocks for agent workflows and automations,AI update: Agentic Resource Discovery: Let agents search,Agentic Resource Discovery: Let agents search,https://huggingface.co/blog/agentic-resource-discovery-launch,Agents,5,,Source: Hugging Face - Blog and topics: agents.
2026-07-14,bonus,Why builders and devs should care about the release,AI update: Migrating Your GitHub CI to Hugging Face Jobs,Migrating Your GitHub CI to Hugging Face Jobs,https://huggingface.co/blog/github-ci-hf-jobs,Builders,5,,Source: Hugging Face - Blog and topics: builders.
2026-07-15,morning,What changed in the model and why it matters now,AI update: Nemotron 3.5 Content Safety: Customizable Multimodal Safety for Global Enterprise AI,Nemotron 3.5 Content Safety: Customizable Multimodal Safety for Global Enterprise AI,https://huggingface.co/blog/nvidia/nemotron-3-5-content-safety,"Models, Policy",5,,"Source: Hugging Face - Blog and topics: models, policy."
2026-07-15,midday,What this unlocks for agent workflows and automations,AI update: Adding MCP Tools to Reachy Mini,Adding MCP Tools to Reachy Mini,https://huggingface.co/blog/adding-mcp-tools-to-reachy-mini,Agents,5,,Source: Hugging Face - Blog and topics: agents.
2026-07-15,night,What this unlocks for agent workflows and automations,AI update: Holo3.1: Fast & Local Computer Use Agents,Holo3.1: Fast & Local Computer Use Agents,https://huggingface.co/blog/Hcompany/holo31,Agents,5,,Source: Hugging Face - Blog and topics: agents.
2026-07-15,bonus,What changed in the model and why it matters now,AI update: OlmoEarth v1.1: A more efficient family of Earth observation models,OlmoEarth v1.1: A more efficient family of Earth observation models,https://huggingface.co/blog/allenai/olmoearth-v1-1,Models,5,,Source: Hugging Face - Blog and topics: models.
2026-07-16,morning,What changed in the model and why it matters now,"AI update: Introducing NVIDIA Nemotron 3 Nano Omni: Long-Context Multimodal Intelligence for Documents, Audio and Video Agents","Introducing NVIDIA Nemotron 3 Nano Omni: Long-Context Multimodal Intelligence for Documents, Audio and Video Agents",https://huggingface.co/blog/nvidia/nemotron-3-nano-omni-multimodal-intelligence,"Models, Agents",5,,"Source: Hugging Face - Blog and topics: models, agents."
2026-07-16,midday,What this unlocks for agent workflows and automations,AI update: DeepSeek-V4: a million-token context that agents can actually use,DeepSeek-V4: a million-token context that agents can actually use,https://huggingface.co/blog/deepseekv4,Agents,5,,Source: Hugging Face - Blog and topics: agents.
2026-07-16,night,What this unlocks for agent workflows and automations,AI update: Ecom-RLVE: Adaptive Verifiable Environments for E-Commerce Conversational Agents,Ecom-RLVE: Adaptive Verifiable Environments for E-Commerce Conversational Agents,https://huggingface.co/blog/ecom-rlve,Agents,5,,Source: Hugging Face - Blog and topics: agents.
2026-07-16,bonus,What changed in the model and why it matters now,AI update: Training and Finetuning Multimodal Embedding & Reranker Models with Sentence Transformers,Training and Finetuning Multimodal Embedding & Reranker Models with Sentence Transformers,https://huggingface.co/blog/train-multimodal-sentence-transformers,Models,5,,Source: Hugging Face - Blog and topics: models.
2026-07-17,morning,What this unlocks for agent workflows and automations,"AI update: Inside VAKRA: Reasoning, Tool Use, and Failure Modes of Agents","Inside VAKRA: Reasoning, Tool Use, and Failure Modes of Agents",https://huggingface.co/blog/ibm-research/vakra-benchmark-analysis,Agents,5,,Source: Hugging Face - Blog and topics: agents.
2026-07-17,midday,What changed in the model and why it matters now,AI update: Multimodal Embedding & Reranker Models with Sentence Transformers,Multimodal Embedding & Reranker Models with Sentence Transformers,https://huggingface.co/blog/multimodal-sentence-transformers,Models,5,,Source: Hugging Face - Blog and topics: models.
2026-07-17,night,What changed in the model and why it matters now,Free AI update: Training mRNA Language Models Across 25 Species for $165,Training mRNA Language Models Across 25 Species for $165,https://huggingface.co/blog/OpenMed/training-mrna-models-25-species,"Models, Free",6,,"Source: Hugging Face - Blog and topics: models, free."
2026-07-17,bonus,"How to use the free path, open-source option, or free tier",Free AI update: The Open Source Community is backing OpenEnv for Agentic RL,The Open Source Community is backing OpenEnv for Agentic RL,https://huggingface.co/blog/openenv-agentic-rl,Free,6,,Source: Hugging Face - Blog and topics: free.
2026-07-18,morning,"How to use the free path, open-source option, or free tier",Free AI update: State of Open Source on Hugging Face: Spring 2026,State of Open Source on Hugging Face: Spring 2026,https://huggingface.co/blog/huggingface/state-of-os-hf-spring-2026,Free,6,,Source: Hugging Face - Blog and topics: free.
2026-07-18,midday,"How to use the free path, open-source option, or free tier",Free AI update: Keep the Tokens Flowing: Lessons from 16 Open-Source RL Libraries,Keep the Tokens Flowing: Lessons from 16 Open-Source RL Libraries,https://huggingface.co/blog/async-rl-training-landscape,Free,6,,Source: Hugging Face - Blog and topics: free.
2026-07-18,night,What changed in the model and why it matters now,AI update: Is it agentic enough? Benchmarking open models on your own tooling,Is it agentic enough? Benchmarking open models on your own tooling,https://huggingface.co/blog/is-it-agentic-enough,Models,5,,Source: Hugging Face - Blog and topics: models.
2026-07-18,bonus,What this unlocks for agent workflows and automations,AI update: From the Hugging Face Hub to robot hardware with Strands Agents and LeRobot,From the Hugging Face Hub to robot hardware with Strands Agents and LeRobot,https://huggingface.co/blog/amazon/strands-lerobot-hub-to-hardware,Agents,5,,Source: Hugging Face - Blog and topics: agents.
2026-07-19,morning,What this unlocks for agent workflows and automations,AI update: Agentic Resource Discovery: Let agents search,Agentic Resource Discovery: Let agents search,https://huggingface.co/blog/agentic-resource-discovery-launch,Agents,5,,Source: Hugging Face - Blog and topics: agents.
2026-07-19,midday,Why builders and devs should care about the release,AI update: Migrating Your GitHub CI to Hugging Face Jobs,Migrating Your GitHub CI to Hugging Face Jobs,https://huggingface.co/blog/github-ci-hf-jobs,Builders,5,,Source: Hugging Face - Blog and topics: builders.
2026-07-19,night,What changed in the model and why it matters now,AI update: Nemotron 3.5 Content Safety: Customizable Multimodal Safety for Global Enterprise AI,Nemotron 3.5 Content Safety: Customizable Multimodal Safety for Global Enterprise AI,https://huggingface.co/blog/nvidia/nemotron-3-5-content-safety,"Models, Policy",5,,"Source: Hugging Face - Blog and topics: models, policy."
2026-07-19,bonus,What this unlocks for agent workflows and automations,AI update: Adding MCP Tools to Reachy Mini,Adding MCP Tools to Reachy Mini,https://huggingface.co/blog/adding-mcp-tools-to-reachy-mini,Agents,5,,Source: Hugging Face - Blog and topics: agents.
2026-07-20,morning,What this unlocks for agent workflows and automations,AI update: Holo3.1: Fast & Local Computer Use Agents,Holo3.1: Fast & Local Computer Use Agents,https://huggingface.co/blog/Hcompany/holo31,Agents,5,,Source: Hugging Face - Blog and topics: agents.
2026-07-20,midday,What changed in the model and why it matters now,AI update: OlmoEarth v1.1: A more efficient family of Earth observation models,OlmoEarth v1.1: A more efficient family of Earth observation models,https://huggingface.co/blog/allenai/olmoearth-v1-1,Models,5,,Source: Hugging Face - Blog and topics: models.
2026-07-20,night,What changed in the model and why it matters now,"AI update: Introducing NVIDIA Nemotron 3 Nano Omni: Long-Context Multimodal Intelligence for Documents, Audio and Video Agents","Introducing NVIDIA Nemotron 3 Nano Omni: Long-Context Multimodal Intelligence for Documents, Audio and Video Agents",https://huggingface.co/blog/nvidia/nemotron-3-nano-omni-multimodal-intelligence,"Models, Agents",5,,"Source: Hugging Face - Blog and topics: models, agents."
2026-07-20,bonus,What this unlocks for agent workflows and automations,AI update: DeepSeek-V4: a million-token context that agents can actually use,DeepSeek-V4: a million-token context that agents can actually use,https://huggingface.co/blog/deepseekv4,Agents,5,,Source: Hugging Face - Blog and topics: agents.
2026-07-21,morning,What this unlocks for agent workflows and automations,AI update: Ecom-RLVE: Adaptive Verifiable Environments for E-Commerce Conversational Agents,Ecom-RLVE: Adaptive Verifiable Environments for E-Commerce Conversational Agents,https://huggingface.co/blog/ecom-rlve,Agents,5,,Source: Hugging Face - Blog and topics: agents.
2026-07-21,midday,What changed in the model and why it matters now,AI update: Training and Finetuning Multimodal Embedding & Reranker Models with Sentence Transformers,Training and Finetuning Multimodal Embedding & Reranker Models with Sentence Transformers,https://huggingface.co/blog/train-multimodal-sentence-transformers,Models,5,,Source: Hugging Face - Blog and topics: models.
2026-07-21,night,What this unlocks for agent workflows and automations,"AI update: Inside VAKRA: Reasoning, Tool Use, and Failure Modes of Agents","Inside VAKRA: Reasoning, Tool Use, and Failure Modes of Agents",https://huggingface.co/blog/ibm-research/vakra-benchmark-analysis,Agents,5,,Source: Hugging Face - Blog and topics: agents.
2026-07-21,bonus,What changed in the model and why it matters now,AI update: Multimodal Embedding & Reranker Models with Sentence Transformers,Multimodal Embedding & Reranker Models with Sentence Transformers,https://huggingface.co/blog/multimodal-sentence-transformers,Models,5,,Source: Hugging Face - Blog and topics: models.
2026-07-22,morning,What changed in the model and why it matters now,Free AI update: Training mRNA Language Models Across 25 Species for $165,Training mRNA Language Models Across 25 Species for $165,https://huggingface.co/blog/OpenMed/training-mrna-models-25-species,"Models, Free",6,,"Source: Hugging Face - Blog and topics: models, free."
2026-07-22,midday,"How to use the free path, open-source option, or free tier",Free AI update: The Open Source Community is backing OpenEnv for Agentic RL,The Open Source Community is backing OpenEnv for Agentic RL,https://huggingface.co/blog/openenv-agentic-rl,Free,6,,Source: Hugging Face - Blog and topics: free.
2026-07-22,night,"How to use the free path, open-source option, or free tier",Free AI update: State of Open Source on Hugging Face: Spring 2026,State of Open Source on Hugging Face: Spring 2026,https://huggingface.co/blog/huggingface/state-of-os-hf-spring-2026,Free,6,,Source: Hugging Face - Blog and topics: free.
2026-07-22,bonus,"How to use the free path, open-source option, or free tier",Free AI update: Keep the Tokens Flowing: Lessons from 16 Open-Source RL Libraries,Keep the Tokens Flowing: Lessons from 16 Open-Source RL Libraries,https://huggingface.co/blog/async-rl-training-landscape,Free,6,,Source: Hugging Face - Blog and topics: free.
2026-07-23,morning,What changed in the model and why it matters now,AI update: Is it agentic enough? Benchmarking open models on your own tooling,Is it agentic enough? Benchmarking open models on your own tooling,https://huggingface.co/blog/is-it-agentic-enough,Models,5,,Source: Hugging Face - Blog and topics: models.
2026-07-23,midday,What this unlocks for agent workflows and automations,AI update: From the Hugging Face Hub to robot hardware with Strands Agents and LeRobot,From the Hugging Face Hub to robot hardware with Strands Agents and LeRobot,https://huggingface.co/blog/amazon/strands-lerobot-hub-to-hardware,Agents,5,,Source: Hugging Face - Blog and topics: agents.
2026-07-23,night,What this unlocks for agent workflows and automations,AI update: Agentic Resource Discovery: Let agents search,Agentic Resource Discovery: Let agents search,https://huggingface.co/blog/agentic-resource-discovery-launch,Agents,5,,Source: Hugging Face - Blog and topics: agents.
2026-07-23,bonus,Why builders and devs should care about the release,AI update: Migrating Your GitHub CI to Hugging Face Jobs,Migrating Your GitHub CI to Hugging Face Jobs,https://huggingface.co/blog/github-ci-hf-jobs,Builders,5,,Source: Hugging Face - Blog and topics: builders.
2026-07-24,morning,What changed in the model and why it matters now,AI update: Nemotron 3.5 Content Safety: Customizable Multimodal Safety for Global Enterprise AI,Nemotron 3.5 Content Safety: Customizable Multimodal Safety for Global Enterprise AI,https://huggingface.co/blog/nvidia/nemotron-3-5-content-safety,"Models, Policy",5,,"Source: Hugging Face - Blog and topics: models, policy."
2026-07-24,midday,What this unlocks for agent workflows and automations,AI update: Adding MCP Tools to Reachy Mini,Adding MCP Tools to Reachy Mini,https://huggingface.co/blog/adding-mcp-tools-to-reachy-mini,Agents,5,,Source: Hugging Face - Blog and topics: agents.
2026-07-24,night,What this unlocks for agent workflows and automations,AI update: Holo3.1: Fast & Local Computer Use Agents,Holo3.1: Fast & Local Computer Use Agents,https://huggingface.co/blog/Hcompany/holo31,Agents,5,,Source: Hugging Face - Blog and topics: agents.
2026-07-24,bonus,What changed in the model and why it matters now,AI update: OlmoEarth v1.1: A more efficient family of Earth observation models,OlmoEarth v1.1: A more efficient family of Earth observation models,https://huggingface.co/blog/allenai/olmoearth-v1-1,Models,5,,Source: Hugging Face - Blog and topics: models.
2026-07-25,morning,What changed in the model and why it matters now,"AI update: Introducing NVIDIA Nemotron 3 Nano Omni: Long-Context Multimodal Intelligence for Documents, Audio and Video Agents","Introducing NVIDIA Nemotron 3 Nano Omni: Long-Context Multimodal Intelligence for Documents, Audio and Video Agents",https://huggingface.co/blog/nvidia/nemotron-3-nano-omni-multimodal-intelligence,"Models, Agents",5,,"Source: Hugging Face - Blog and topics: models, agents."
2026-07-25,midday,What this unlocks for agent workflows and automations,AI update: DeepSeek-V4: a million-token context that agents can actually use,DeepSeek-V4: a million-token context that agents can actually use,https://huggingface.co/blog/deepseekv4,Agents,5,,Source: Hugging Face - Blog and topics: agents.
2026-07-25,night,What this unlocks for agent workflows and automations,AI update: Ecom-RLVE: Adaptive Verifiable Environments for E-Commerce Conversational Agents,Ecom-RLVE: Adaptive Verifiable Environments for E-Commerce Conversational Agents,https://huggingface.co/blog/ecom-rlve,Agents,5,,Source: Hugging Face - Blog and topics: agents.
2026-07-25,bonus,What changed in the model and why it matters now,AI update: Training and Finetuning Multimodal Embedding & Reranker Models with Sentence Transformers,Training and Finetuning Multimodal Embedding & Reranker Models with Sentence Transformers,https://huggingface.co/blog/train-multimodal-sentence-transformers,Models,5,,Source: Hugging Face - Blog and topics: models.
2026-07-26,morning,What this unlocks for agent workflows and automations,"AI update: Inside VAKRA: Reasoning, Tool Use, and Failure Modes of Agents","Inside VAKRA: Reasoning, Tool Use, and Failure Modes of Agents",https://huggingface.co/blog/ibm-research/vakra-benchmark-analysis,Agents,5,,Source: Hugging Face - Blog and topics: agents.
2026-07-26,midday,What changed in the model and why it matters now,AI update: Multimodal Embedding & Reranker Models with Sentence Transformers,Multimodal Embedding & Reranker Models with Sentence Transformers,https://huggingface.co/blog/multimodal-sentence-transformers,Models,5,,Source: Hugging Face - Blog and topics: models.
2026-07-26,night,What changed in the model and why it matters now,Free AI update: Training mRNA Language Models Across 25 Species for $165,Training mRNA Language Models Across 25 Species for $165,https://huggingface.co/blog/OpenMed/training-mrna-models-25-species,"Models, Free",6,,"Source: Hugging Face - Blog and topics: models, free."
2026-07-26,bonus,"How to use the free path, open-source option, or free tier",Free AI update: The Open Source Community is backing OpenEnv for Agentic RL,The Open Source Community is backing OpenEnv for Agentic RL,https://huggingface.co/blog/openenv-agentic-rl,Free,6,,Source: Hugging Face - Blog and topics: free.
2026-07-27,morning,"How to use the free path, open-source option, or free tier",Free AI update: State of Open Source on Hugging Face: Spring 2026,State of Open Source on Hugging Face: Spring 2026,https://huggingface.co/blog/huggingface/state-of-os-hf-spring-2026,Free,6,,Source: Hugging Face - Blog and topics: free.
2026-07-27,midday,"How to use the free path, open-source option, or free tier",Free AI update: Keep the Tokens Flowing: Lessons from 16 Open-Source RL Libraries,Keep the Tokens Flowing: Lessons from 16 Open-Source RL Libraries,https://huggingface.co/blog/async-rl-training-landscape,Free,6,,Source: Hugging Face - Blog and topics: free.
2026-07-27,night,What changed in the model and why it matters now,AI update: Is it agentic enough? Benchmarking open models on your own tooling,Is it agentic enough? Benchmarking open models on your own tooling,https://huggingface.co/blog/is-it-agentic-enough,Models,5,,Source: Hugging Face - Blog and topics: models.
2026-07-27,bonus,What this unlocks for agent workflows and automations,AI update: From the Hugging Face Hub to robot hardware with Strands Agents and LeRobot,From the Hugging Face Hub to robot hardware with Strands Agents and LeRobot,https://huggingface.co/blog/amazon/strands-lerobot-hub-to-hardware,Agents,5,,Source: Hugging Face - Blog and topics: agents.
2026-07-28,morning,What this unlocks for agent workflows and automations,AI update: Agentic Resource Discovery: Let agents search,Agentic Resource Discovery: Let agents search,https://huggingface.co/blog/agentic-resource-discovery-launch,Agents,5,,Source: Hugging Face - Blog and topics: agents.
2026-07-28,midday,Why builders and devs should care about the release,AI update: Migrating Your GitHub CI to Hugging Face Jobs,Migrating Your GitHub CI to Hugging Face Jobs,https://huggingface.co/blog/github-ci-hf-jobs,Builders,5,,Source: Hugging Face - Blog and topics: builders.
2026-07-28,night,What changed in the model and why it matters now,AI update: Nemotron 3.5 Content Safety: Customizable Multimodal Safety for Global Enterprise AI,Nemotron 3.5 Content Safety: Customizable Multimodal Safety for Global Enterprise AI,https://huggingface.co/blog/nvidia/nemotron-3-5-content-safety,"Models, Policy",5,,"Source: Hugging Face - Blog and topics: models, policy."
2026-07-28,bonus,What this unlocks for agent workflows and automations,AI update: Adding MCP Tools to Reachy Mini,Adding MCP Tools to Reachy Mini,https://huggingface.co/blog/adding-mcp-tools-to-reachy-mini,Agents,5,,Source: Hugging Face - Blog and topics: agents.
2026-07-29,morning,What this unlocks for agent workflows and automations,AI update: Holo3.1: Fast & Local Computer Use Agents,Holo3.1: Fast & Local Computer Use Agents,https://huggingface.co/blog/Hcompany/holo31,Agents,5,,Source: Hugging Face - Blog and topics: agents.
2026-07-29,midday,What changed in the model and why it matters now,AI update: OlmoEarth v1.1: A more efficient family of Earth observation models,OlmoEarth v1.1: A more efficient family of Earth observation models,https://huggingface.co/blog/allenai/olmoearth-v1-1,Models,5,,Source: Hugging Face - Blog and topics: models.
2026-07-29,night,What changed in the model and why it matters now,"AI update: Introducing NVIDIA Nemotron 3 Nano Omni: Long-Context Multimodal Intelligence for Documents, Audio and Video Agents","Introducing NVIDIA Nemotron 3 Nano Omni: Long-Context Multimodal Intelligence for Documents, Audio and Video Agents",https://huggingface.co/blog/nvidia/nemotron-3-nano-omni-multimodal-intelligence,"Models, Agents",5,,"Source: Hugging Face - Blog and topics: models, agents."
2026-07-29,bonus,What this unlocks for agent workflows and automations,AI update: DeepSeek-V4: a million-token context that agents can actually use,DeepSeek-V4: a million-token context that agents can actually use,https://huggingface.co/blog/deepseekv4,Agents,5,,Source: Hugging Face - Blog and topics: agents.
2026-07-30,morning,What this unlocks for agent workflows and automations,AI update: Ecom-RLVE: Adaptive Verifiable Environments for E-Commerce Conversational Agents,Ecom-RLVE: Adaptive Verifiable Environments for E-Commerce Conversational Agents,https://huggingface.co/blog/ecom-rlve,Agents,5,,Source: Hugging Face - Blog and topics: agents.
2026-07-30,midday,What changed in the model and why it matters now,AI update: Training and Finetuning Multimodal Embedding & Reranker Models with Sentence Transformers,Training and Finetuning Multimodal Embedding & Reranker Models with Sentence Transformers,https://huggingface.co/blog/train-multimodal-sentence-transformers,Models,5,,Source: Hugging Face - Blog and topics: models.
2026-07-30,night,What this unlocks for agent workflows and automations,"AI update: Inside VAKRA: Reasoning, Tool Use, and Failure Modes of Agents","Inside VAKRA: Reasoning, Tool Use, and Failure Modes of Agents",https://huggingface.co/blog/ibm-research/vakra-benchmark-analysis,Agents,5,,Source: Hugging Face - Blog and topics: agents.
2026-07-30,bonus,What changed in the model and why it matters now,AI update: Multimodal Embedding & Reranker Models with Sentence Transformers,Multimodal Embedding & Reranker Models with Sentence Transformers,https://huggingface.co/blog/multimodal-sentence-transformers,Models,5,,Source: Hugging Face - Blog and topics: models.
2026-07-31,morning,What changed in the model and why it matters now,Free AI update: Training mRNA Language Models Across 25 Species for $165,Training mRNA Language Models Across 25 Species for $165,https://huggingface.co/blog/OpenMed/training-mrna-models-25-species,"Models, Free",6,,"Source: Hugging Face - Blog and topics: models, free."
2026-07-31,midday,"How to use the free path, open-source option, or free tier",Free AI update: The Open Source Community is backing OpenEnv for Agentic RL,The Open Source Community is backing OpenEnv for Agentic RL,https://huggingface.co/blog/openenv-agentic-rl,Free,6,,Source: Hugging Face - Blog and topics: free.
2026-07-31,night,"How to use the free path, open-source option, or free tier",Free AI update: State of Open Source on Hugging Face: Spring 2026,State of Open Source on Hugging Face: Spring 2026,https://huggingface.co/blog/huggingface/state-of-os-hf-spring-2026,Free,6,,Source: Hugging Face - Blog and topics: free.
2026-07-31,bonus,"How to use the free path, open-source option, or free tier",Free AI update: Keep the Tokens Flowing: Lessons from 16 Open-Source RL Libraries,Keep the Tokens Flowing: Lessons from 16 Open-Source RL Libraries,https://huggingface.co/blog/async-rl-training-landscape,Free,6,,Source: Hugging Face - Blog and topics: free.
2026-08-01,morning,What changed in the model and why it matters now,AI update: Is it agentic enough? Benchmarking open models on your own tooling,Is it agentic enough? Benchmarking open models on your own tooling,https://huggingface.co/blog/is-it-agentic-enough,Models,5,,Source: Hugging Face - Blog and topics: models.
2026-08-01,midday,What this unlocks for agent workflows and automations,AI update: From the Hugging Face Hub to robot hardware with Strands Agents and LeRobot,From the Hugging Face Hub to robot hardware with Strands Agents and LeRobot,https://huggingface.co/blog/amazon/strands-lerobot-hub-to-hardware,Agents,5,,Source: Hugging Face - Blog and topics: agents.
2026-08-01,night,What this unlocks for agent workflows and automations,AI update: Agentic Resource Discovery: Let agents search,Agentic Resource Discovery: Let agents search,https://huggingface.co/blog/agentic-resource-discovery-launch,Agents,5,,Source: Hugging Face - Blog and topics: agents.
2026-08-01,bonus,Why builders and devs should care about the release,AI update: Migrating Your GitHub CI to Hugging Face Jobs,Migrating Your GitHub CI to Hugging Face Jobs,https://huggingface.co/blog/github-ci-hf-jobs,Builders,5,,Source: Hugging Face - Blog and topics: builders.
2026-08-02,morning,What changed in the model and why it matters now,AI update: Nemotron 3.5 Content Safety: Customizable Multimodal Safety for Global Enterprise AI,Nemotron 3.5 Content Safety: Customizable Multimodal Safety for Global Enterprise AI,https://huggingface.co/blog/nvidia/nemotron-3-5-content-safety,"Models, Policy",5,,"Source: Hugging Face - Blog and topics: models, policy."
2026-08-02,midday,What this unlocks for agent workflows and automations,AI update: Adding MCP Tools to Reachy Mini,Adding MCP Tools to Reachy Mini,https://huggingface.co/blog/adding-mcp-tools-to-reachy-mini,Agents,5,,Source: Hugging Face - Blog and topics: agents.
2026-08-02,night,What this unlocks for agent workflows and automations,AI update: Holo3.1: Fast & Local Computer Use Agents,Holo3.1: Fast & Local Computer Use Agents,https://huggingface.co/blog/Hcompany/holo31,Agents,5,,Source: Hugging Face - Blog and topics: agents.
2026-08-02,bonus,What changed in the model and why it matters now,AI update: OlmoEarth v1.1: A more efficient family of Earth observation models,OlmoEarth v1.1: A more efficient family of Earth observation models,https://huggingface.co/blog/allenai/olmoearth-v1-1,Models,5,,Source: Hugging Face - Blog and topics: models.
2026-08-03,morning,What changed in the model and why it matters now,"AI update: Introducing NVIDIA Nemotron 3 Nano Omni: Long-Context Multimodal Intelligence for Documents, Audio and Video Agents","Introducing NVIDIA Nemotron 3 Nano Omni: Long-Context Multimodal Intelligence for Documents, Audio and Video Agents",https://huggingface.co/blog/nvidia/nemotron-3-nano-omni-multimodal-intelligence,"Models, Agents",5,,"Source: Hugging Face - Blog and topics: models, agents."
2026-08-03,midday,What this unlocks for agent workflows and automations,AI update: DeepSeek-V4: a million-token context that agents can actually use,DeepSeek-V4: a million-token context that agents can actually use,https://huggingface.co/blog/deepseekv4,Agents,5,,Source: Hugging Face - Blog and topics: agents.
2026-08-03,night,What this unlocks for agent workflows and automations,AI update: Ecom-RLVE: Adaptive Verifiable Environments for E-Commerce Conversational Agents,Ecom-RLVE: Adaptive Verifiable Environments for E-Commerce Conversational Agents,https://huggingface.co/blog/ecom-rlve,Agents,5,,Source: Hugging Face - Blog and topics: agents.
2026-08-03,bonus,What changed in the model and why it matters now,AI update: Training and Finetuning Multimodal Embedding & Reranker Models with Sentence Transformers,Training and Finetuning Multimodal Embedding & Reranker Models with Sentence Transformers,https://huggingface.co/blog/train-multimodal-sentence-transformers,Models,5,,Source: Hugging Face - Blog and topics: models.
2026-08-04,morning,What this unlocks for agent workflows and automations,"AI update: Inside VAKRA: Reasoning, Tool Use, and Failure Modes of Agents","Inside VAKRA: Reasoning, Tool Use, and Failure Modes of Agents",https://huggingface.co/blog/ibm-research/vakra-benchmark-analysis,Agents,5,,Source: Hugging Face - Blog and topics: agents.
2026-08-04,midday,What changed in the model and why it matters now,AI update: Multimodal Embedding & Reranker Models with Sentence Transformers,Multimodal Embedding & Reranker Models with Sentence Transformers,https://huggingface.co/blog/multimodal-sentence-transformers,Models,5,,Source: Hugging Face - Blog and topics: models.
2026-08-04,night,What changed in the model and why it matters now,Free AI update: Training mRNA Language Models Across 25 Species for $165,Training mRNA Language Models Across 25 Species for $165,https://huggingface.co/blog/OpenMed/training-mrna-models-25-species,"Models, Free",6,,"Source: Hugging Face - Blog and topics: models, free."
2026-08-04,bonus,"How to use the free path, open-source option, or free tier",Free AI update: The Open Source Community is backing OpenEnv for Agentic RL,The Open Source Community is backing OpenEnv for Agentic RL,https://huggingface.co/blog/openenv-agentic-rl,Free,6,,Source: Hugging Face - Blog and topics: free.
2026-08-05,morning,"How to use the free path, open-source option, or free tier",Free AI update: State of Open Source on Hugging Face: Spring 2026,State of Open Source on Hugging Face: Spring 2026,https://huggingface.co/blog/huggingface/state-of-os-hf-spring-2026,Free,6,,Source: Hugging Face - Blog and topics: free.
2026-08-05,midday,"How to use the free path, open-source option, or free tier",Free AI update: Keep the Tokens Flowing: Lessons from 16 Open-Source RL Libraries,Keep the Tokens Flowing: Lessons from 16 Open-Source RL Libraries,https://huggingface.co/blog/async-rl-training-landscape,Free,6,,Source: Hugging Face - Blog and topics: free.
2026-08-05,night,What changed in the model and why it matters now,AI update: Is it agentic enough? Benchmarking open models on your own tooling,Is it agentic enough? Benchmarking open models on your own tooling,https://huggingface.co/blog/is-it-agentic-enough,Models,5,,Source: Hugging Face - Blog and topics: models.
2026-08-05,bonus,What this unlocks for agent workflows and automations,AI update: From the Hugging Face Hub to robot hardware with Strands Agents and LeRobot,From the Hugging Face Hub to robot hardware with Strands Agents and LeRobot,https://huggingface.co/blog/amazon/strands-lerobot-hub-to-hardware,Agents,5,,Source: Hugging Face - Blog and topics: agents.
2026-08-06,morning,What this unlocks for agent workflows and automations,AI update: Agentic Resource Discovery: Let agents search,Agentic Resource Discovery: Let agents search,https://huggingface.co/blog/agentic-resource-discovery-launch,Agents,5,,Source: Hugging Face - Blog and topics: agents.
2026-08-06,midday,Why builders and devs should care about the release,AI update: Migrating Your GitHub CI to Hugging Face Jobs,Migrating Your GitHub CI to Hugging Face Jobs,https://huggingface.co/blog/github-ci-hf-jobs,Builders,5,,Source: Hugging Face - Blog and topics: builders.
2026-08-06,night,What changed in the model and why it matters now,AI update: Nemotron 3.5 Content Safety: Customizable Multimodal Safety for Global Enterprise AI,Nemotron 3.5 Content Safety: Customizable Multimodal Safety for Global Enterprise AI,https://huggingface.co/blog/nvidia/nemotron-3-5-content-safety,"Models, Policy",5,,"Source: Hugging Face - Blog and topics: models, policy."
2026-08-06,bonus,What this unlocks for agent workflows and automations,AI update: Adding MCP Tools to Reachy Mini,Adding MCP Tools to Reachy Mini,https://huggingface.co/blog/adding-mcp-tools-to-reachy-mini,Agents,5,,Source: Hugging Face - Blog and topics: agents.
2026-08-07,morning,What this unlocks for agent workflows and automations,AI update: Holo3.1: Fast & Local Computer Use Agents,Holo3.1: Fast & Local Computer Use Agents,https://huggingface.co/blog/Hcompany/holo31,Agents,5,,Source: Hugging Face - Blog and topics: agents.
2026-08-07,midday,What changed in the model and why it matters now,AI update: OlmoEarth v1.1: A more efficient family of Earth observation models,OlmoEarth v1.1: A more efficient family of Earth observation models,https://huggingface.co/blog/allenai/olmoearth-v1-1,Models,5,,Source: Hugging Face - Blog and topics: models.
2026-08-07,night,What changed in the model and why it matters now,"AI update: Introducing NVIDIA Nemotron 3 Nano Omni: Long-Context Multimodal Intelligence for Documents, Audio and Video Agents","Introducing NVIDIA Nemotron 3 Nano Omni: Long-Context Multimodal Intelligence for Documents, Audio and Video Agents",https://huggingface.co/blog/nvidia/nemotron-3-nano-omni-multimodal-intelligence,"Models, Agents",5,,"Source: Hugging Face - Blog and topics: models, agents."
2026-08-07,bonus,What this unlocks for agent workflows and automations,AI update: DeepSeek-V4: a million-token context that agents can actually use,DeepSeek-V4: a million-token context that agents can actually use,https://huggingface.co/blog/deepseekv4,Agents,5,,Source: Hugging Face - Blog and topics: agents.
2026-08-08,morning,What this unlocks for agent workflows and automations,AI update: Ecom-RLVE: Adaptive Verifiable Environments for E-Commerce Conversational Agents,Ecom-RLVE: Adaptive Verifiable Environments for E-Commerce Conversational Agents,https://huggingface.co/blog/ecom-rlve,Agents,5,,Source: Hugging Face - Blog and topics: agents.
2026-08-08,midday,What changed in the model and why it matters now,AI update: Training and Finetuning Multimodal Embedding & Reranker Models with Sentence Transformers,Training and Finetuning Multimodal Embedding & Reranker Models with Sentence Transformers,https://huggingface.co/blog/train-multimodal-sentence-transformers,Models,5,,Source: Hugging Face - Blog and topics: models.
2026-08-08,night,What this unlocks for agent workflows and automations,"AI update: Inside VAKRA: Reasoning, Tool Use, and Failure Modes of Agents","Inside VAKRA: Reasoning, Tool Use, and Failure Modes of Agents",https://huggingface.co/blog/ibm-research/vakra-benchmark-analysis,Agents,5,,Source: Hugging Face - Blog and topics: agents.
2026-08-08,bonus,What changed in the model and why it matters now,AI update: Multimodal Embedding & Reranker Models with Sentence Transformers,Multimodal Embedding & Reranker Models with Sentence Transformers,https://huggingface.co/blog/multimodal-sentence-transformers,Models,5,,Source: Hugging Face - Blog and topics: models.
2026-08-09,morning,What changed in the model and why it matters now,Free AI update: Training mRNA Language Models Across 25 Species for $165,Training mRNA Language Models Across 25 Species for $165,https://huggingface.co/blog/OpenMed/training-mrna-models-25-species,"Models, Free",6,,"Source: Hugging Face - Blog and topics: models, free."
2026-08-09,midday,"How to use the free path, open-source option, or free tier",Free AI update: The Open Source Community is backing OpenEnv for Agentic RL,The Open Source Community is backing OpenEnv for Agentic RL,https://huggingface.co/blog/openenv-agentic-rl,Free,6,,Source: Hugging Face - Blog and topics: free.
2026-08-09,night,"How to use the free path, open-source option, or free tier",Free AI update: State of Open Source on Hugging Face: Spring 2026,State of Open Source on Hugging Face: Spring 2026,https://huggingface.co/blog/huggingface/state-of-os-hf-spring-2026,Free,6,,Source: Hugging Face - Blog and topics: free.
2026-08-09,bonus,"How to use the free path, open-source option, or free tier",Free AI update: Keep the Tokens Flowing: Lessons from 16 Open-Source RL Libraries,Keep the Tokens Flowing: Lessons from 16 Open-Source RL Libraries,https://huggingface.co/blog/async-rl-training-landscape,Free,6,,Source: Hugging Face - Blog and topics: free.
2026-08-10,morning,What changed in the model and why it matters now,AI update: Is it agentic enough? Benchmarking open models on your own tooling,Is it agentic enough? Benchmarking open models on your own tooling,https://huggingface.co/blog/is-it-agentic-enough,Models,5,,Source: Hugging Face - Blog and topics: models.
2026-08-10,midday,What this unlocks for agent workflows and automations,AI update: From the Hugging Face Hub to robot hardware with Strands Agents and LeRobot,From the Hugging Face Hub to robot hardware with Strands Agents and LeRobot,https://huggingface.co/blog/amazon/strands-lerobot-hub-to-hardware,Agents,5,,Source: Hugging Face - Blog and topics: agents.
2026-08-10,night,What this unlocks for agent workflows and automations,AI update: Agentic Resource Discovery: Let agents search,Agentic Resource Discovery: Let agents search,https://huggingface.co/blog/agentic-resource-discovery-launch,Agents,5,,Source: Hugging Face - Blog and topics: agents.
2026-08-10,bonus,Why builders and devs should care about the release,AI update: Migrating Your GitHub CI to Hugging Face Jobs,Migrating Your GitHub CI to Hugging Face Jobs,https://huggingface.co/blog/github-ci-hf-jobs,Builders,5,,Source: Hugging Face - Blog and topics: builders.
2026-08-11,morning,What changed in the model and why it matters now,AI update: Nemotron 3.5 Content Safety: Customizable Multimodal Safety for Global Enterprise AI,Nemotron 3.5 Content Safety: Customizable Multimodal Safety for Global Enterprise AI,https://huggingface.co/blog/nvidia/nemotron-3-5-content-safety,"Models, Policy",5,,"Source: Hugging Face - Blog and topics: models, policy."
2026-08-11,midday,What this unlocks for agent workflows and automations,AI update: Adding MCP Tools to Reachy Mini,Adding MCP Tools to Reachy Mini,https://huggingface.co/blog/adding-mcp-tools-to-reachy-mini,Agents,5,,Source: Hugging Face - Blog and topics: agents.
2026-08-11,night,What this unlocks for agent workflows and automations,AI update: Holo3.1: Fast & Local Computer Use Agents,Holo3.1: Fast & Local Computer Use Agents,https://huggingface.co/blog/Hcompany/holo31,Agents,5,,Source: Hugging Face - Blog and topics: agents.
2026-08-11,bonus,What changed in the model and why it matters now,AI update: OlmoEarth v1.1: A more efficient family of Earth observation models,OlmoEarth v1.1: A more efficient family of Earth observation models,https://huggingface.co/blog/allenai/olmoearth-v1-1,Models,5,,Source: Hugging Face - Blog and topics: models.
2026-08-12,morning,What changed in the model and why it matters now,"AI update: Introducing NVIDIA Nemotron 3 Nano Omni: Long-Context Multimodal Intelligence for Documents, Audio and Video Agents","Introducing NVIDIA Nemotron 3 Nano Omni: Long-Context Multimodal Intelligence for Documents, Audio and Video Agents",https://huggingface.co/blog/nvidia/nemotron-3-nano-omni-multimodal-intelligence,"Models, Agents",5,,"Source: Hugging Face - Blog and topics: models, agents."
2026-08-12,midday,What this unlocks for agent workflows and automations,AI update: DeepSeek-V4: a million-token context that agents can actually use,DeepSeek-V4: a million-token context that agents can actually use,https://huggingface.co/blog/deepseekv4,Agents,5,,Source: Hugging Face - Blog and topics: agents.
2026-08-12,night,What this unlocks for agent workflows and automations,AI update: Ecom-RLVE: Adaptive Verifiable Environments for E-Commerce Conversational Agents,Ecom-RLVE: Adaptive Verifiable Environments for E-Commerce Conversational Agents,https://huggingface.co/blog/ecom-rlve,Agents,5,,Source: Hugging Face - Blog and topics: agents.
2026-08-12,bonus,What changed in the model and why it matters now,AI update: Training and Finetuning Multimodal Embedding & Reranker Models with Sentence Transformers,Training and Finetuning Multimodal Embedding & Reranker Models with Sentence Transformers,https://huggingface.co/blog/train-multimodal-sentence-transformers,Models,5,,Source: Hugging Face - Blog and topics: models.
2026-08-13,morning,What this unlocks for agent workflows and automations,"AI update: Inside VAKRA: Reasoning, Tool Use, and Failure Modes of Agents","Inside VAKRA: Reasoning, Tool Use, and Failure Modes of Agents",https://huggingface.co/blog/ibm-research/vakra-benchmark-analysis,Agents,5,,Source: Hugging Face - Blog and topics: agents.
2026-08-13,midday,What changed in the model and why it matters now,AI update: Multimodal Embedding & Reranker Models with Sentence Transformers,Multimodal Embedding & Reranker Models with Sentence Transformers,https://huggingface.co/blog/multimodal-sentence-transformers,Models,5,,Source: Hugging Face - Blog and topics: models.
2026-08-13,night,What changed in the model and why it matters now,Free AI update: Training mRNA Language Models Across 25 Species for $165,Training mRNA Language Models Across 25 Species for $165,https://huggingface.co/blog/OpenMed/training-mrna-models-25-species,"Models, Free",6,,"Source: Hugging Face - Blog and topics: models, free."
2026-08-13,bonus,"How to use the free path, open-source option, or free tier",Free AI update: The Open Source Community is backing OpenEnv for Agentic RL,The Open Source Community is backing OpenEnv for Agentic RL,https://huggingface.co/blog/openenv-agentic-rl,Free,6,,Source: Hugging Face - Blog and topics: free.
2026-08-14,morning,"How to use the free path, open-source option, or free tier",Free AI update: State of Open Source on Hugging Face: Spring 2026,State of Open Source on Hugging Face: Spring 2026,https://huggingface.co/blog/huggingface/state-of-os-hf-spring-2026,Free,6,,Source: Hugging Face - Blog and topics: free.
2026-08-14,midday,"How to use the free path, open-source option, or free tier",Free AI update: Keep the Tokens Flowing: Lessons from 16 Open-Source RL Libraries,Keep the Tokens Flowing: Lessons from 16 Open-Source RL Libraries,https://huggingface.co/blog/async-rl-training-landscape,Free,6,,Source: Hugging Face - Blog and topics: free.
2026-08-14,night,What changed in the model and why it matters now,AI update: Is it agentic enough? Benchmarking open models on your own tooling,Is it agentic enough? Benchmarking open models on your own tooling,https://huggingface.co/blog/is-it-agentic-enough,Models,5,,Source: Hugging Face - Blog and topics: models.
2026-08-14,bonus,What this unlocks for agent workflows and automations,AI update: From the Hugging Face Hub to robot hardware with Strands Agents and LeRobot,From the Hugging Face Hub to robot hardware with Strands Agents and LeRobot,https://huggingface.co/blog/amazon/strands-lerobot-hub-to-hardware,Agents,5,,Source: Hugging Face - Blog and topics: agents.
2026-08-15,morning,What this unlocks for agent workflows and automations,AI update: Agentic Resource Discovery: Let agents search,Agentic Resource Discovery: Let agents search,https://huggingface.co/blog/agentic-resource-discovery-launch,Agents,5,,Source: Hugging Face - Blog and topics: agents.
2026-08-15,midday,Why builders and devs should care about the release,AI update: Migrating Your GitHub CI to Hugging Face Jobs,Migrating Your GitHub CI to Hugging Face Jobs,https://huggingface.co/blog/github-ci-hf-jobs,Builders,5,,Source: Hugging Face - Blog and topics: builders.
2026-08-15,night,What changed in the model and why it matters now,AI update: Nemotron 3.5 Content Safety: Customizable Multimodal Safety for Global Enterprise AI,Nemotron 3.5 Content Safety: Customizable Multimodal Safety for Global Enterprise AI,https://huggingface.co/blog/nvidia/nemotron-3-5-content-safety,"Models, Policy",5,,"Source: Hugging Face - Blog and topics: models, policy."
2026-08-15,bonus,What this unlocks for agent workflows and automations,AI update: Adding MCP Tools to Reachy Mini,Adding MCP Tools to Reachy Mini,https://huggingface.co/blog/adding-mcp-tools-to-reachy-mini,Agents,5,,Source: Hugging Face - Blog and topics: agents.
2026-08-16,morning,What this unlocks for agent workflows and automations,AI update: Holo3.1: Fast & Local Computer Use Agents,Holo3.1: Fast & Local Computer Use Agents,https://huggingface.co/blog/Hcompany/holo31,Agents,5,,Source: Hugging Face - Blog and topics: agents.
2026-08-16,midday,What changed in the model and why it matters now,AI update: OlmoEarth v1.1: A more efficient family of Earth observation models,OlmoEarth v1.1: A more efficient family of Earth observation models,https://huggingface.co/blog/allenai/olmoearth-v1-1,Models,5,,Source: Hugging Face - Blog and topics: models.
2026-08-16,night,What changed in the model and why it matters now,"AI update: Introducing NVIDIA Nemotron 3 Nano Omni: Long-Context Multimodal Intelligence for Documents, Audio and Video Agents","Introducing NVIDIA Nemotron 3 Nano Omni: Long-Context Multimodal Intelligence for Documents, Audio and Video Agents",https://huggingface.co/blog/nvidia/nemotron-3-nano-omni-multimodal-intelligence,"Models, Agents",5,,"Source: Hugging Face - Blog and topics: models, agents."
2026-08-16,bonus,What this unlocks for agent workflows and automations,AI update: DeepSeek-V4: a million-token context that agents can actually use,DeepSeek-V4: a million-token context that agents can actually use,https://huggingface.co/blog/deepseekv4,Agents,5,,Source: Hugging Face - Blog and topics: agents.
2026-08-17,morning,What this unlocks for agent workflows and automations,AI update: Ecom-RLVE: Adaptive Verifiable Environments for E-Commerce Conversational Agents,Ecom-RLVE: Adaptive Verifiable Environments for E-Commerce Conversational Agents,https://huggingface.co/blog/ecom-rlve,Agents,5,,Source: Hugging Face - Blog and topics: agents.
2026-08-17,midday,What changed in the model and why it matters now,AI update: Training and Finetuning Multimodal Embedding & Reranker Models with Sentence Transformers,Training and Finetuning Multimodal Embedding & Reranker Models with Sentence Transformers,https://huggingface.co/blog/train-multimodal-sentence-transformers,Models,5,,Source: Hugging Face - Blog and topics: models.
2026-08-17,night,What this unlocks for agent workflows and automations,"AI update: Inside VAKRA: Reasoning, Tool Use, and Failure Modes of Agents","Inside VAKRA: Reasoning, Tool Use, and Failure Modes of Agents",https://huggingface.co/blog/ibm-research/vakra-benchmark-analysis,Agents,5,,Source: Hugging Face - Blog and topics: agents.
2026-08-17,bonus,What changed in the model and why it matters now,AI update: Multimodal Embedding & Reranker Models with Sentence Transformers,Multimodal Embedding & Reranker Models with Sentence Transformers,https://huggingface.co/blog/multimodal-sentence-transformers,Models,5,,Source: Hugging Face - Blog and topics: models.
2026-08-18,morning,What changed in the model and why it matters now,Free AI update: Training mRNA Language Models Across 25 Species for $165,Training mRNA Language Models Across 25 Species for $165,https://huggingface.co/blog/OpenMed/training-mrna-models-25-species,"Models, Free",6,,"Source: Hugging Face - Blog and topics: models, free."
2026-08-18,midday,"How to use the free path, open-source option, or free tier",Free AI update: The Open Source Community is backing OpenEnv for Agentic RL,The Open Source Community is backing OpenEnv for Agentic RL,https://huggingface.co/blog/openenv-agentic-rl,Free,6,,Source: Hugging Face - Blog and topics: free.
2026-08-18,night,"How to use the free path, open-source option, or free tier",Free AI update: State of Open Source on Hugging Face: Spring 2026,State of Open Source on Hugging Face: Spring 2026,https://huggingface.co/blog/huggingface/state-of-os-hf-spring-2026,Free,6,,Source: Hugging Face - Blog and topics: free.
2026-08-18,bonus,"How to use the free path, open-source option, or free tier",Free AI update: Keep the Tokens Flowing: Lessons from 16 Open-Source RL Libraries,Keep the Tokens Flowing: Lessons from 16 Open-Source RL Libraries,https://huggingface.co/blog/async-rl-training-landscape,Free,6,,Source: Hugging Face - Blog and topics: free.
2026-08-19,morning,What changed in the model and why it matters now,AI update: Is it agentic enough? Benchmarking open models on your own tooling,Is it agentic enough? Benchmarking open models on your own tooling,https://huggingface.co/blog/is-it-agentic-enough,Models,5,,Source: Hugging Face - Blog and topics: models.
2026-08-19,midday,What this unlocks for agent workflows and automations,AI update: From the Hugging Face Hub to robot hardware with Strands Agents and LeRobot,From the Hugging Face Hub to robot hardware with Strands Agents and LeRobot,https://huggingface.co/blog/amazon/strands-lerobot-hub-to-hardware,Agents,5,,Source: Hugging Face - Blog and topics: agents.
2026-08-19,night,What this unlocks for agent workflows and automations,AI update: Agentic Resource Discovery: Let agents search,Agentic Resource Discovery: Let agents search,https://huggingface.co/blog/agentic-resource-discovery-launch,Agents,5,,Source: Hugging Face - Blog and topics: agents.
2026-08-19,bonus,Why builders and devs should care about the release,AI update: Migrating Your GitHub CI to Hugging Face Jobs,Migrating Your GitHub CI to Hugging Face Jobs,https://huggingface.co/blog/github-ci-hf-jobs,Builders,5,,Source: Hugging Face - Blog and topics: builders.
2026-08-20,morning,What changed in the model and why it matters now,AI update: Nemotron 3.5 Content Safety: Customizable Multimodal Safety for Global Enterprise AI,Nemotron 3.5 Content Safety: Customizable Multimodal Safety for Global Enterprise AI,https://huggingface.co/blog/nvidia/nemotron-3-5-content-safety,"Models, Policy",5,,"Source: Hugging Face - Blog and topics: models, policy."
2026-08-20,midday,What this unlocks for agent workflows and automations,AI update: Adding MCP Tools to Reachy Mini,Adding MCP Tools to Reachy Mini,https://huggingface.co/blog/adding-mcp-tools-to-reachy-mini,Agents,5,,Source: Hugging Face - Blog and topics: agents.
2026-08-20,night,What this unlocks for agent workflows and automations,AI update: Holo3.1: Fast & Local Computer Use Agents,Holo3.1: Fast & Local Computer Use Agents,https://huggingface.co/blog/Hcompany/holo31,Agents,5,,Source: Hugging Face - Blog and topics: agents.
2026-08-20,bonus,What changed in the model and why it matters now,AI update: OlmoEarth v1.1: A more efficient family of Earth observation models,OlmoEarth v1.1: A more efficient family of Earth observation models,https://huggingface.co/blog/allenai/olmoearth-v1-1,Models,5,,Source: Hugging Face - Blog and topics: models.
2026-08-21,morning,What changed in the model and why it matters now,"AI update: Introducing NVIDIA Nemotron 3 Nano Omni: Long-Context Multimodal Intelligence for Documents, Audio and Video Agents","Introducing NVIDIA Nemotron 3 Nano Omni: Long-Context Multimodal Intelligence for Documents, Audio and Video Agents",https://huggingface.co/blog/nvidia/nemotron-3-nano-omni-multimodal-intelligence,"Models, Agents",5,,"Source: Hugging Face - Blog and topics: models, agents."
2026-08-21,midday,What this unlocks for agent workflows and automations,AI update: DeepSeek-V4: a million-token context that agents can actually use,DeepSeek-V4: a million-token context that agents can actually use,https://huggingface.co/blog/deepseekv4,Agents,5,,Source: Hugging Face - Blog and topics: agents.
2026-08-21,night,What this unlocks for agent workflows and automations,AI update: Ecom-RLVE: Adaptive Verifiable Environments for E-Commerce Conversational Agents,Ecom-RLVE: Adaptive Verifiable Environments for E-Commerce Conversational Agents,https://huggingface.co/blog/ecom-rlve,Agents,5,,Source: Hugging Face - Blog and topics: agents.
2026-08-21,bonus,What changed in the model and why it matters now,AI update: Training and Finetuning Multimodal Embedding & Reranker Models with Sentence Transformers,Training and Finetuning Multimodal Embedding & Reranker Models with Sentence Transformers,https://huggingface.co/blog/train-multimodal-sentence-transformers,Models,5,,Source: Hugging Face - Blog and topics: models.
2026-08-22,morning,What this unlocks for agent workflows and automations,"AI update: Inside VAKRA: Reasoning, Tool Use, and Failure Modes of Agents","Inside VAKRA: Reasoning, Tool Use, and Failure Modes of Agents",https://huggingface.co/blog/ibm-research/vakra-benchmark-analysis,Agents,5,,Source: Hugging Face - Blog and topics: agents.
2026-08-22,midday,What changed in the model and why it matters now,AI update: Multimodal Embedding & Reranker Models with Sentence Transformers,Multimodal Embedding & Reranker Models with Sentence Transformers,https://huggingface.co/blog/multimodal-sentence-transformers,Models,5,,Source: Hugging Face - Blog and topics: models.
2026-08-22,night,What changed in the model and why it matters now,Free AI update: Training mRNA Language Models Across 25 Species for $165,Training mRNA Language Models Across 25 Species for $165,https://huggingface.co/blog/OpenMed/training-mrna-models-25-species,"Models, Free",6,,"Source: Hugging Face - Blog and topics: models, free."
2026-08-22,bonus,"How to use the free path, open-source option, or free tier",Free AI update: The Open Source Community is backing OpenEnv for Agentic RL,The Open Source Community is backing OpenEnv for Agentic RL,https://huggingface.co/blog/openenv-agentic-rl,Free,6,,Source: Hugging Face - Blog and topics: free.
2026-08-23,morning,"How to use the free path, open-source option, or free tier",Free AI update: State of Open Source on Hugging Face: Spring 2026,State of Open Source on Hugging Face: Spring 2026,https://huggingface.co/blog/huggingface/state-of-os-hf-spring-2026,Free,6,,Source: Hugging Face - Blog and topics: free.
2026-08-23,midday,"How to use the free path, open-source option, or free tier",Free AI update: Keep the Tokens Flowing: Lessons from 16 Open-Source RL Libraries,Keep the Tokens Flowing: Lessons from 16 Open-Source RL Libraries,https://huggingface.co/blog/async-rl-training-landscape,Free,6,,Source: Hugging Face - Blog and topics: free.
2026-08-23,night,What changed in the model and why it matters now,AI update: Is it agentic enough? Benchmarking open models on your own tooling,Is it agentic enough? Benchmarking open models on your own tooling,https://huggingface.co/blog/is-it-agentic-enough,Models,5,,Source: Hugging Face - Blog and topics: models.
2026-08-23,bonus,What this unlocks for agent workflows and automations,AI update: From the Hugging Face Hub to robot hardware with Strands Agents and LeRobot,From the Hugging Face Hub to robot hardware with Strands Agents and LeRobot,https://huggingface.co/blog/amazon/strands-lerobot-hub-to-hardware,Agents,5,,Source: Hugging Face - Blog and topics: agents.
2026-08-24,morning,What this unlocks for agent workflows and automations,AI update: Agentic Resource Discovery: Let agents search,Agentic Resource Discovery: Let agents search,https://huggingface.co/blog/agentic-resource-discovery-launch,Agents,5,,Source: Hugging Face - Blog and topics: agents.
2026-08-24,midday,Why builders and devs should care about the release,AI update: Migrating Your GitHub CI to Hugging Face Jobs,Migrating Your GitHub CI to Hugging Face Jobs,https://huggingface.co/blog/github-ci-hf-jobs,Builders,5,,Source: Hugging Face - Blog and topics: builders.
2026-08-24,night,What changed in the model and why it matters now,AI update: Nemotron 3.5 Content Safety: Customizable Multimodal Safety for Global Enterprise AI,Nemotron 3.5 Content Safety: Customizable Multimodal Safety for Global Enterprise AI,https://huggingface.co/blog/nvidia/nemotron-3-5-content-safety,"Models, Policy",5,,"Source: Hugging Face - Blog and topics: models, policy."
2026-08-24,bonus,What this unlocks for agent workflows and automations,AI update: Adding MCP Tools to Reachy Mini,Adding MCP Tools to Reachy Mini,https://huggingface.co/blog/adding-mcp-tools-to-reachy-mini,Agents,5,,Source: Hugging Face - Blog and topics: agents.
2026-08-25,morning,What this unlocks for agent workflows and automations,AI update: Holo3.1: Fast & Local Computer Use Agents,Holo3.1: Fast & Local Computer Use Agents,https://huggingface.co/blog/Hcompany/holo31,Agents,5,,Source: Hugging Face - Blog and topics: agents.
2026-08-25,midday,What changed in the model and why it matters now,AI update: OlmoEarth v1.1: A more efficient family of Earth observation models,OlmoEarth v1.1: A more efficient family of Earth observation models,https://huggingface.co/blog/allenai/olmoearth-v1-1,Models,5,,Source: Hugging Face - Blog and topics: models.
2026-08-25,night,What changed in the model and why it matters now,"AI update: Introducing NVIDIA Nemotron 3 Nano Omni: Long-Context Multimodal Intelligence for Documents, Audio and Video Agents","Introducing NVIDIA Nemotron 3 Nano Omni: Long-Context Multimodal Intelligence for Documents, Audio and Video Agents",https://huggingface.co/blog/nvidia/nemotron-3-nano-omni-multimodal-intelligence,"Models, Agents",5,,"Source: Hugging Face - Blog and topics: models, agents."
2026-08-25,bonus,What this unlocks for agent workflows and automations,AI update: DeepSeek-V4: a million-token context that agents can actually use,DeepSeek-V4: a million-token context that agents can actually use,https://huggingface.co/blog/deepseekv4,Agents,5,,Source: Hugging Face - Blog and topics: agents.
2026-08-26,morning,What this unlocks for agent workflows and automations,AI update: Ecom-RLVE: Adaptive Verifiable Environments for E-Commerce Conversational Agents,Ecom-RLVE: Adaptive Verifiable Environments for E-Commerce Conversational Agents,https://huggingface.co/blog/ecom-rlve,Agents,5,,Source: Hugging Face - Blog and topics: agents.
2026-08-26,midday,What changed in the model and why it matters now,AI update: Training and Finetuning Multimodal Embedding & Reranker Models with Sentence Transformers,Training and Finetuning Multimodal Embedding & Reranker Models with Sentence Transformers,https://huggingface.co/blog/train-multimodal-sentence-transformers,Models,5,,Source: Hugging Face - Blog and topics: models.
2026-08-26,night,What this unlocks for agent workflows and automations,"AI update: Inside VAKRA: Reasoning, Tool Use, and Failure Modes of Agents","Inside VAKRA: Reasoning, Tool Use, and Failure Modes of Agents",https://huggingface.co/blog/ibm-research/vakra-benchmark-analysis,Agents,5,,Source: Hugging Face - Blog and topics: agents.
2026-08-26,bonus,What changed in the model and why it matters now,AI update: Multimodal Embedding & Reranker Models with Sentence Transformers,Multimodal Embedding & Reranker Models with Sentence Transformers,https://huggingface.co/blog/multimodal-sentence-transformers,Models,5,,Source: Hugging Face - Blog and topics: models.
2026-08-27,morning,What changed in the model and why it matters now,Free AI update: Training mRNA Language Models Across 25 Species for $165,Training mRNA Language Models Across 25 Species for $165,https://huggingface.co/blog/OpenMed/training-mrna-models-25-species,"Models, Free",6,,"Source: Hugging Face - Blog and topics: models, free."
2026-08-27,midday,"How to use the free path, open-source option, or free tier",Free AI update: The Open Source Community is backing OpenEnv for Agentic RL,The Open Source Community is backing OpenEnv for Agentic RL,https://huggingface.co/blog/openenv-agentic-rl,Free,6,,Source: Hugging Face - Blog and topics: free.
2026-08-27,night,"How to use the free path, open-source option, or free tier",Free AI update: State of Open Source on Hugging Face: Spring 2026,State of Open Source on Hugging Face: Spring 2026,https://huggingface.co/blog/huggingface/state-of-os-hf-spring-2026,Free,6,,Source: Hugging Face - Blog and topics: free.
2026-08-27,bonus,"How to use the free path, open-source option, or free tier",Free AI update: Keep the Tokens Flowing: Lessons from 16 Open-Source RL Libraries,Keep the Tokens Flowing: Lessons from 16 Open-Source RL Libraries,https://huggingface.co/blog/async-rl-training-landscape,Free,6,,Source: Hugging Face - Blog and topics: free.
2026-08-28,morning,What changed in the model and why it matters now,AI update: Is it agentic enough? Benchmarking open models on your own tooling,Is it agentic enough? Benchmarking open models on your own tooling,https://huggingface.co/blog/is-it-agentic-enough,Models,5,,Source: Hugging Face - Blog and topics: models.
2026-08-28,midday,What this unlocks for agent workflows and automations,AI update: From the Hugging Face Hub to robot hardware with Strands Agents and LeRobot,From the Hugging Face Hub to robot hardware with Strands Agents and LeRobot,https://huggingface.co/blog/amazon/strands-lerobot-hub-to-hardware,Agents,5,,Source: Hugging Face - Blog and topics: agents.
2026-08-28,night,What this unlocks for agent workflows and automations,AI update: Agentic Resource Discovery: Let agents search,Agentic Resource Discovery: Let agents search,https://huggingface.co/blog/agentic-resource-discovery-launch,Agents,5,,Source: Hugging Face - Blog and topics: agents.
2026-08-28,bonus,Why builders and devs should care about the release,AI update: Migrating Your GitHub CI to Hugging Face Jobs,Migrating Your GitHub CI to Hugging Face Jobs,https://huggingface.co/blog/github-ci-hf-jobs,Builders,5,,Source: Hugging Face - Blog and topics: builders.
2026-08-29,morning,What changed in the model and why it matters now,AI update: Nemotron 3.5 Content Safety: Customizable Multimodal Safety for Global Enterprise AI,Nemotron 3.5 Content Safety: Customizable Multimodal Safety for Global Enterprise AI,https://huggingface.co/blog/nvidia/nemotron-3-5-content-safety,"Models, Policy",5,,"Source: Hugging Face - Blog and topics: models, policy."
2026-08-29,midday,What this unlocks for agent workflows and automations,AI update: Adding MCP Tools to Reachy Mini,Adding MCP Tools to Reachy Mini,https://huggingface.co/blog/adding-mcp-tools-to-reachy-mini,Agents,5,,Source: Hugging Face - Blog and topics: agents.
2026-08-29,night,What this unlocks for agent workflows and automations,AI update: Holo3.1: Fast & Local Computer Use Agents,Holo3.1: Fast & Local Computer Use Agents,https://huggingface.co/blog/Hcompany/holo31,Agents,5,,Source: Hugging Face - Blog and topics: agents.
2026-08-29,bonus,What changed in the model and why it matters now,AI update: OlmoEarth v1.1: A more efficient family of Earth observation models,OlmoEarth v1.1: A more efficient family of Earth observation models,https://huggingface.co/blog/allenai/olmoearth-v1-1,Models,5,,Source: Hugging Face - Blog and topics: models.
2026-08-30,morning,What changed in the model and why it matters now,"AI update: Introducing NVIDIA Nemotron 3 Nano Omni: Long-Context Multimodal Intelligence for Documents, Audio and Video Agents","Introducing NVIDIA Nemotron 3 Nano Omni: Long-Context Multimodal Intelligence for Documents, Audio and Video Agents",https://huggingface.co/blog/nvidia/nemotron-3-nano-omni-multimodal-intelligence,"Models, Agents",5,,"Source: Hugging Face - Blog and topics: models, agents."
2026-08-30,midday,What this unlocks for agent workflows and automations,AI update: DeepSeek-V4: a million-token context that agents can actually use,DeepSeek-V4: a million-token context that agents can actually use,https://huggingface.co/blog/deepseekv4,Agents,5,,Source: Hugging Face - Blog and topics: agents.
2026-08-30,night,What this unlocks for agent workflows and automations,AI update: Ecom-RLVE: Adaptive Verifiable Environments for E-Commerce Conversational Agents,Ecom-RLVE: Adaptive Verifiable Environments for E-Commerce Conversational Agents,https://huggingface.co/blog/ecom-rlve,Agents,5,,Source: Hugging Face - Blog and topics: agents.
2026-08-30,bonus,What changed in the model and why it matters now,AI update: Training and Finetuning Multimodal Embedding & Reranker Models with Sentence Transformers,Training and Finetuning Multimodal Embedding & Reranker Models with Sentence Transformers,https://huggingface.co/blog/train-multimodal-sentence-transformers,Models,5,,Source: Hugging Face - Blog and topics: models.
2026-08-31,morning,What this unlocks for agent workflows and automations,"AI update: Inside VAKRA: Reasoning, Tool Use, and Failure Modes of Agents","Inside VAKRA: Reasoning, Tool Use, and Failure Modes of Agents",https://huggingface.co/blog/ibm-research/vakra-benchmark-analysis,Agents,5,,Source: Hugging Face - Blog and topics: agents.
2026-08-31,midday,What changed in the model and why it matters now,AI update: Multimodal Embedding & Reranker Models with Sentence Transformers,Multimodal Embedding & Reranker Models with Sentence Transformers,https://huggingface.co/blog/multimodal-sentence-transformers,Models,5,,Source: Hugging Face - Blog and topics: models.
2026-08-31,night,What changed in the model and why it matters now,Free AI update: Training mRNA Language Models Across 25 Species for $165,Training mRNA Language Models Across 25 Species for $165,https://huggingface.co/blog/OpenMed/training-mrna-models-25-species,"Models, Free",6,,"Source: Hugging Face - Blog and topics: models, free."
2026-08-31,bonus,"How to use the free path, open-source option, or free tier",Free AI update: The Open Source Community is backing OpenEnv for Agentic RL,The Open Source Community is backing OpenEnv for Agentic RL,https://huggingface.co/blog/openenv-agentic-rl,Free,6,,Source: Hugging Face - Blog and topics: free.
2026-09-01,morning,"How to use the free path, open-source option, or free tier",Free AI update: State of Open Source on Hugging Face: Spring 2026,State of Open Source on Hugging Face: Spring 2026,https://huggingface.co/blog/huggingface/state-of-os-hf-spring-2026,Free,6,,Source: Hugging Face - Blog and topics: free.
2026-09-01,midday,"How to use the free path, open-source option, or free tier",Free AI update: Keep the Tokens Flowing: Lessons from 16 Open-Source RL Libraries,Keep the Tokens Flowing: Lessons from 16 Open-Source RL Libraries,https://huggingface.co/blog/async-rl-training-landscape,Free,6,,Source: Hugging Face - Blog and topics: free.
2026-09-01,night,What changed in the model and why it matters now,AI update: Is it agentic enough? Benchmarking open models on your own tooling,Is it agentic enough? Benchmarking open models on your own tooling,https://huggingface.co/blog/is-it-agentic-enough,Models,5,,Source: Hugging Face - Blog and topics: models.
2026-09-01,bonus,What this unlocks for agent workflows and automations,AI update: From the Hugging Face Hub to robot hardware with Strands Agents and LeRobot,From the Hugging Face Hub to robot hardware with Strands Agents and LeRobot,https://huggingface.co/blog/amazon/strands-lerobot-hub-to-hardware,Agents,5,,Source: Hugging Face - Blog and topics: agents.
